generated_at,competition,fixture_id,utcDate_fixture,matchday_fixture,rank,source,kind,utcDate_prev,matchday_prev,home_prev,away_prev,score_fulltime_prev,target_side_in_prev,target_team,target_pos_then,opponent,opponent_pos_then,target_gfpg_then,target_gapg_then,opponent_gfpg_then,opponent_gapg_then,delta_total,delta_total_val,match_id_prev,date_prev,fd_source_file,fd_schema_hint,mapped_home,mapped_away,fd_found,fd_reason,fd_FTHG,fd_FTAG,fd_FTR,fd_HTHG,fd_HTAG,fd_HTR,fd_HS,fd_AS,fd_HST,fd_AST,fd_HF,fd_AF,fd_HC,fd_AC,fd_HY,fd_AY,fd_HR,fd_AR,fd_Date,fd_Home,fd_Away
2026-02-01 06:28:17,FL1,542585,2026-02-01T16:15:00Z,20,1,Away Similar,away,2026-01-04T16:15:00Z,17,FC Lorient,FC Metz,1-1,FORA,FC Metz,18,FC Lorient,12,1.062,2.312,1.188,1.75,0.668,0.6677631578947367,542552,2026-01-04,F1.csv,data.co.uk classic (HomeTeam/AwayTeam),lorient,metz,True,exact match (mapped names),1,1,D,0,1,A,16,8,5,2,9,8,4,4,1,2,0,0,2026-01-04,Lorient,Metz
2026-02-01 06:28:17,FL1,542585,2026-02-01T16:15:00Z,20,2,Home Similar,home,2025-12-12T19:45:00Z,16,Angers SCO,FC Nantes,4-1,CASA,Angers SCO,11,FC Nantes,17,0.867,1.133,0.867,1.6,1.375,1.375438596491228,542548,2025-12-12,F1.csv,data.co.uk classic (HomeTeam/AwayTeam),angers,nantes,True,exact match (mapped names),4,1,H,1,0,H,20,7,9,4,17,13,6,3,1,2,0,0,2025-12-12,Angers,Nantes
2026-02-01 06:28:17,FL1,542585,2026-02-01T16:15:00Z,20,3,Away Similar,away,2025-10-19T15:15:00Z,8,Toulouse FC,FC Metz,4-0,FORA,FC Metz,18,Toulouse FC,9,0.714,2.286,1.571,1.714,1.391,1.3909774436090223,542471,2025-10-19,F1.csv,data.co.uk classic (HomeTeam/AwayTeam),toulouse,metz,True,exact match (mapped names),4,0,H,2,0,H,16,2,7,2,14,11,5,1,2,1,0,1,2025-10-19,Toulouse,Metz
2026-02-01 06:28:17,FL1,542585,2026-02-01T16:15:00Z,20,4,Home Similar,home,2025-11-09T16:15:00Z,12,Angers SCO,AJ Auxerre,2-0,CASA,Angers SCO,14,AJ Auxerre,18,0.727,1.364,0.636,1.545,1.665,1.665071770334928,542513,2025-11-09,F1.csv,data.co.uk classic (HomeTeam/AwayTeam),angers,auxerre,True,exact match (mapped names),2,0,H,0,0,D,9,12,5,5,19,14,3,3,2,2,0,0,2025-11-09,Angers,Auxerre
